# Host: 115.28.107.154  (Version: 5.6.15-log)
# Date: 2014-12-29 17:14:10
# Generator: MySQL-Front 5.3  (Build 4.187)

/*!40101 SET NAMES utf8 */;

#
# Structure for table "company"
#

DROP TABLE IF EXISTS `company`;
CREATE TABLE `company` (
  `id` int(11) NOT NULL AUTO_INCREMENT,
  `internal_name` varchar(24) NOT NULL DEFAULT '',
  `display_name` varchar(24) NOT NULL DEFAULT '',
  PRIMARY KEY (`id`)
) ENGINE=InnoDB DEFAULT CHARSET=utf8;

#
# Data for table "company"
#

INSERT INTO `company` VALUES (1,'baishihuitong','百世汇通'),(2,'shentong','申通快递'),(3,'yunda','韵达快递'),(4,'yuantong','圆通速递'),(5,'zhongtong','中通快递'),(6,'ems','EMS邮政特快专递'),(7,'shunfeng','顺丰速运'),(8,'tiantian','天天快递'),(9,'zhaijisong','宅急送'),(10,'zhongguoyouzheng','中国邮政'),(11,'debang','德邦物流'),(12,'quanfeng','全峰快递');

#
# Structure for table "courier"
#

DROP TABLE IF EXISTS `courier`;
CREATE TABLE `courier` (
  `id` int(11) NOT NULL AUTO_INCREMENT,
  `name` varchar(64) DEFAULT NULL,
  `phone` varchar(24) DEFAULT NULL,
  `company_id` int(11) DEFAULT NULL COMMENT 'need this field, because the site_id might be empty.',
  `site_id` int(11) DEFAULT NULL COMMENT 'empty means report to any sites',
  `reg_time` timestamp NOT NULL DEFAULT CURRENT_TIMESTAMP,
  PRIMARY KEY (`id`)
) ENGINE=InnoDB AUTO_INCREMENT=2 DEFAULT CHARSET=utf8;

#
# Data for table "courier"
#

INSERT INTO `courier` VALUES (1,'小赵','13511113322',2,12,'2014-12-25 23:11:43'),(2,'小钱','13524828351',7,14,'2014-12-27 18:48:23'),(3,'小孙','18912341233',4,19,'2014-12-27 23:20:47'),(4,'小李','13515976548',3,21,'2014-12-28 18:15:31');

#
# Structure for table "courier_location"
#

DROP TABLE IF EXISTS `courier_location`;
CREATE TABLE `courier_location` (
  `id` int(11) NOT NULL AUTO_INCREMENT,
  `courier_id` int(11) NOT NULL DEFAULT '-1',
  `location` varchar(32) NOT NULL DEFAULT '',
  `time` timestamp NOT NULL DEFAULT CURRENT_TIMESTAMP,
  PRIMARY KEY (`id`)
) ENGINE=InnoDB DEFAULT CHARSET=utf8;

#
# Data for table "courier_location"
#

INSERT INTO `courier_location` VALUES (2,2,'121.522577,31.219163','2014-12-27 18:51:51'),(11,1,'121.522577,31.219163','2014-12-27 19:12:12'),(12,1,'121.522577,31.219163','2014-12-27 19:12:42'),(13,1,'121.522577,31.219163','2014-12-27 19:14:09'),(14,1,'121.522577,31.219163','2014-12-27 19:18:12'),(15,1,'121.522577,31.219163','2014-12-27 19:21:20'),(16,1,'121.522577,31.219163','2014-12-27 19:21:48'),(17,2,'121.522577,31.219163','2014-12-27 20:29:08'),(18,2,'121.522577,31.219163','2014-12-27 20:38:07'),(19,3,'121.487558,31.227237','2014-12-27 22:46:16'),(20,4,'121.487558,31.227237','2014-12-27 22:46:40'),(21,5,'121.487558,31.227237','2014-12-27 22:46:41'),(22,6,'121.487558,31.227237','2014-12-27 22:46:44'),(23,3,'121.487558,31.227237','2014-12-27 22:48:05'),(24,7,'121.499617,31.23986','2014-12-27 22:57:44'),(25,8,'121.499617,31.23986','2014-12-27 22:57:46'),(26,9,'121.499617,31.23986','2014-12-27 22:57:47'),(27,10,'121.499617,31.23986','2014-12-27 22:57:49'),(28,11,'121.497579,31.239548','2014-12-27 23:13:36'),(29,12,'121.497579,31.239548','2014-12-27 23:13:37'),(30,13,'121.497579,31.239548','2014-12-27 23:13:38'),(31,14,'121.497579,31.239548','2014-12-27 23:14:54'),(32,15,'121.497579,31.239548','2014-12-27 23:15:20'),(33,16,'121.499617,31.23986','2014-12-27 23:16:28'),(34,16,'121.499617,31.23986','2014-12-27 23:16:29'),(35,16,'121.499617,31.23986','2014-12-27 23:16:30'),(36,16,'121.499617,31.23986','2014-12-27 23:16:30'),(37,16,'121.499617,31.23986','2014-12-27 23:16:31'),(38,16,'121.499617,31.23986','2014-12-27 23:16:31'),(39,16,'121.499617,31.23986','2014-12-27 23:16:31'),(40,16,'121.499617,31.23986','2014-12-27 23:16:31'),(41,16,'121.499617,31.23986','2014-12-27 23:16:31'),(42,16,'121.499617,31.23986','2014-12-27 23:16:32'),(43,16,'121.499617,31.23986','2014-12-27 23:16:32'),(44,16,'121.499617,31.23986','2014-12-27 23:16:34'),(45,16,'121.499617,31.23986','2014-12-27 23:16:53'),(46,3,'121.527641,31.223072','2014-12-27 23:20:47'),(47,3,'121.527641,31.223072','2014-12-27 23:20:49'),(48,3,'121.527641,31.223072','2014-12-27 23:21:06'),(49,1,'121.530581,31.219438','2014-12-28 00:44:59'),(50,2,'121.522577,31.219163','2014-12-28 00:45:36'),(51,3,'121.527641,31.223072','2014-12-28 00:45:42'),(52,1,'121.530581,31.219438','2014-12-28 00:45:51'),(53,4,'121.52822,31.22265','2014-12-28 18:15:32');

#
# Structure for table "courier_street_map"
#

DROP TABLE IF EXISTS `courier_street_map`;
CREATE TABLE `courier_street_map` (
  `courier_id` int(11) NOT NULL DEFAULT '-1',
  `street` varchar(255) NOT NULL DEFAULT '',
  `min_number` int(11) NOT NULL DEFAULT '-1',
  `max_number` int(11) NOT NULL DEFAULT '-1'
) ENGINE=InnoDB DEFAULT CHARSET=utf8;

#
# Data for table "courier_street_map"
#

INSERT INTO `courier_street_map` VALUES (2,'浦电路',1,399),(3,'东方路',3,124),(1,'浦电路',1,399),(1,'峨山路',20,600),(1,'南泉路',7,30),(1,'世纪大道',3,53),(4,'东方路',100,600);

#
# Structure for table "reply_log"
#

DROP TABLE IF EXISTS `reply_log`;
CREATE TABLE `reply_log` (
  `id` int(11) NOT NULL AUTO_INCREMENT,
  `courier_id` int(11) NOT NULL DEFAULT '-1',
  `message` varchar(255) DEFAULT NULL,
  `time` timestamp NOT NULL DEFAULT CURRENT_TIMESTAMP,
  `status` varchar(255) NOT NULL DEFAULT '' COMMENT 'one of: [confirmed, refused, ignored]',
  PRIMARY KEY (`id`)
) ENGINE=InnoDB DEFAULT CHARSET=utf8;

#
# Data for table "reply_log"
#


#
# Structure for table "request_log"
#

DROP TABLE IF EXISTS `request_log`;
CREATE TABLE `request_log` (
  `id` int(11) NOT NULL AUTO_INCREMENT,
  `user_device_id` varchar(32) DEFAULT NULL,
  `user_name` varchar(32) NOT NULL DEFAULT '',
  `from_address` varchar(255) NOT NULL DEFAULT '',
  `to_address` varchar(255) NOT NULL DEFAULT '',
  `location` varchar(32) NOT NULL DEFAULT '',
  `max_distance` float DEFAULT NULL COMMENT '-1 means ignore',
  `street` varchar(255) DEFAULT NULL COMMENT 'empty means ignore',
  `street_number` int(11) DEFAULT NULL,
  `specified_company_id` varchar(255) NOT NULL DEFAULT '' COMMENT '-1 means any',
  `comments` varchar(255) DEFAULT NULL,
  `time` timestamp NOT NULL DEFAULT CURRENT_TIMESTAMP,
  `status` varchar(24) NOT NULL DEFAULT 'open' COMMENT 'one of: [open, pause, close]',
  `courier_id` int(11) NOT NULL DEFAULT '-1',
  PRIMARY KEY (`id`)
) ENGINE=InnoDB AUTO_INCREMENT=2 DEFAULT CHARSET=utf8;

#
# Data for table "request_log"
#

INSERT INTO `request_log` VALUES (1,'abc123','小明','上海市浦东新区潍坊九村1号楼101室','北京市故宫博物院','121.5258,31.219821',400,'浦电路',200,'-1','收件员必须要帅','2014-12-28 17:10:58','open',-1),(2,'abc123','大明','上海市浦东新区潍坊九村1号楼101室','北京市故宫博物院','121.5258,31.219821',-1,'浦电路',200,'-1','收件员必须要帅','2014-12-28 18:42:06','open',-1),(3,'abc123','小明','上海市浦东新区潍坊九村1号楼101室','北京市故宫博物院','121.5258,31.219821',400,'浦电路',200,'-1','收件员必须要帅','2014-12-28 20:55:15','open',-1),(4,'abc123','小明','上海市浦东新区潍坊九村1号楼101室','北京市故宫博物院','121.5258,31.219821',400,'浦电路',200,'-1','收件员必须要帅','2014-12-28 21:06:56','open',-1),(5,'abc123','小明','上海市浦东新区潍坊九村1号楼101室','北京市故宫博物院','121.5258,31.219821',400,'浦电路',200,'-1','收件员必须要帅','2014-12-28 21:08:58','open',-1),(6,'abc123','小明ss','上海市浦东新区潍坊九村1号楼101室','北京市故宫博物院','121.5258,31.219821',400,'浦电路',200,'-1','收件员必须要帅','2014-12-28 21:09:22','open',-1),(7,'abc123','小明','上海市浦东新区潍坊九村1号楼101室','北京市故宫博物院','121.5258,31.219821',400,'浦电路',200,'-1','收件员必须要帅','2014-12-28 21:09:57','open',-1),(8,'abc123','小明','上海市浦东新区潍坊九村1号楼101室','北京市故宫博物院','121.5258,31.219821',400,'浦电路',200,'-1','收件员必须要帅','2014-12-28 21:11:15','open',-1),(9,'abc123','小明','上海市浦东新区潍坊九村1号楼101室','北京市故宫博物院','121.5258,31.219821',400,'浦电路',200,'-1','收件员必须要帅','2014-12-28 21:13:38','open',-1),(10,'abc123','小明','上海市浦东新区潍坊九村1号楼101室','北京市故宫博物院','121.5258,31.219821',400,'浦电路',200,'-1','收件员必须要帅','2014-12-28 21:14:53','close',1),(11,'abc123','小明','上海市浦东新区潍坊九村1号楼101室','北京市故宫博物院','121.5258,31.219821',400,'浦电路',200,'-1','收件员必须要帅','2014-12-28 21:22:20','open',-1),(12,'abc1234','小明','上海市浦东新区潍坊九村1号楼101室','北京市故宫博物院','121.5258,31.219821',400,'浦电路',200,'-1','收件员必须要帅','2014-12-28 22:13:51','open',-1),(13,'abc123','小明','上海市浦东新区潍坊九村1号楼101室','北京市故宫博物院','121.5258,31.219821',400,'浦电路',200,'-1','收件员必须要帅','2014-12-29 04:42:48','open',-1),(14,'abc123','小明','上海市浦东新区潍坊九村1号楼101室','北京市故宫博物院','121.5258,31.219821',400,'浦电路',200,'-1','收件员必须要帅','2014-12-29 08:04:05','open',-1),(15,'068170660b35b185','','上海市徐汇区','北京市朝阳区','121.5258,31.219821',-1,'浦电路',399,'-1','','2014-12-29 08:41:32','open',-1),(16,'068170660b35b185','','上海市徐汇区','北京市朝阳区','121.5258,31.219821',-1,'浦电路',399,'-1','','2014-12-29 08:41:37','open',-1),(17,'068170660b35b185','','上海市徐汇区','北京市朝阳区','121.5258,31.219821',-1,'浦电路',399,'-1','','2014-12-29 08:41:37','open',-1),(18,'068170660b35b185','','上海市徐汇区','北京市朝阳区','121.5258,31.219821',-1,'浦电路',399,'-1','','2014-12-29 08:42:54','open',-1),(19,'068170660b35b185','','上海市徐汇区','北京市朝阳区','121.5258,31.219821',-1,'浦电路',399,'-1','','2014-12-29 08:59:49','open',-1),(20,'068170660b35b185','','上海市徐汇区','北京市石景山区','121.5258,31.219821',-1,'浦电路',399,'-1','','2014-12-29 09:01:32','open',-1),(21,'068170660b35b185','','上海市徐汇区','北京市朝阳区','121.5258,31.219821',-1,'浦电路',399,'-1','','2014-12-29 09:21:35','open',-1),(22,'068170660b35b185','','上海市徐汇区','北京市朝阳区','121.5258,31.219821',-1,'浦电路',399,'-1','','2014-12-29 09:21:36','open',-1),(23,'068170660b35b185','','上海市徐汇区','北京市朝阳区','121.5258,31.219821',-1,'浦电路',399,'-1','','2014-12-29 09:48:49','open',-1),(24,'068170660b35b185','','上海市徐汇区','北京市朝阳区','121.5258,31.219821',-1,'浦电路',399,'-1','','2014-12-29 09:48:57','open',-1),(25,'068170660b35b185','','上海市徐汇区','北京市朝阳区','121.5258,31.219821',-1,'浦电路',399,'-1','','2014-12-29 09:49:21','open',-1),(26,'068170660b35b185','','上海市徐汇区','北京市朝阳区','121.5258,31.219821',-1,'浦电路',399,'-1','','2014-12-29 09:49:56','open',-1),(27,'068170660b35b185','','上海市徐汇区','北京市朝阳区','121.5258,31.219821',-1,'浦电路',399,'-1','','2014-12-29 09:51:05','open',-1),(28,'068170660b35b185','','上海市徐汇区','北京市朝阳区','121.5258,31.219821',-1,'浦电路',399,'-1','','2014-12-29 09:54:47','open',-1),(29,'068170660b35b185','','上海市徐汇区','北京市朝阳区','121.5258,31.219821',-1,'浦电路',399,'-1','','2014-12-29 09:55:56','open',-1),(30,'068170660b35b185','','上海市徐汇区','北京市朝阳区','121.5258,31.219821',-1,'浦电路',399,'-1','','2014-12-29 09:58:38','open',-1),(31,'068170660b35b185','','上海市浦东新区浦电路399号','北京市石景山区','121.5258,31.219821',-1,'浦电路',399,'-1','','2014-12-29 10:04:17','open',-1),(32,'068170660b35b185','','上海市徐汇区','北京市朝阳区','121.5258,31.219821',-1,'浦电路',399,'-1','','2014-12-29 10:06:05','open',-1),(33,'068170660b35b185','','上海市徐汇区','北京市朝阳区','121.5258,31.219821',-1,'浦电路',399,'-1','','2014-12-29 10:14:10','open',-1),(34,'068170660b35b185','','上海市徐汇区','北京市朝阳区','121.5258,31.219821',-1,'浦电路',399,'-1','','2014-12-29 10:17:54','open',-1),(35,'068170660b35b185','','上海市徐汇区','北京市朝阳区','121.5258,31.219821',-1,'浦电路',399,'-1','','2014-12-29 10:18:43','open',-1),(36,'068170660b35b185','','上海市徐汇区','北京市通州区你具体','121.5258,31.219821',-1,'浦电路',399,'-1','','2014-12-29 10:23:34','open',-1),(37,'068170660b35b185','','上海市徐汇区','北京市通州区你具体','121.5258,31.219821',-1,'浦电路',399,'-1','','2014-12-29 10:24:06','open',-1),(38,'068170660b35b185','','上海市徐汇区','北京市通州区你具体','121.5258,31.219821',-1,'浦电路',399,'-1','','2014-12-29 10:24:08','open',-1),(39,'068170660b35b185','','上海市徐汇区','北京市通州区你具体','121.5258,31.219821',-1,'浦电路',399,'-1','','2014-12-29 10:24:09','open',-1),(40,'068170660b35b185','','上海市徐汇区','北京市通州区你具体','121.5258,31.219821',-1,'浦电路',399,'-1','','2014-12-29 10:24:10','open',-1),(41,'068170660b35b185','','上海市徐汇区','北京市通州区你具体','121.5258,31.219821',-1,'浦电路',399,'-1','','2014-12-29 10:24:20','open',-1),(42,'068170660b35b185','','上海市徐汇区','北京市朝阳区','121.5258,31.219821',-1,'浦电路',399,'-1','','2014-12-29 10:28:59','open',-1),(43,'068170660b35b185','','上海市徐汇区','北京市朝阳区','121.5258,31.219821',-1,'浦电路',399,'-1','','2014-12-29 10:29:25','open',-1),(44,'068170660b35b185','','上海市徐汇区','北京市朝阳区','121.5258,31.219821',-1,'浦电路',399,'-1','','2014-12-29 10:29:28','open',-1),(45,'068170660b35b185','','上海市徐汇区','北京市朝阳区','121.5258,31.219821',-1,'浦电路',399,'-1','','2014-12-29 10:48:59','open',-1),(46,'4d002a06386550c1','','上海市徐汇区','北京市朝阳区','121.5258,31.219821',-1,'浦电路',399,'-1','','2014-12-29 11:21:54','open',-1),(47,'564a3362','','上海市浦东新区','北京市石景山区','121.5258,31.219821',-1,'浦电路',399,'-1','','2014-12-29 11:22:11','open',-1);

#
# Structure for table "site"
#

DROP TABLE IF EXISTS `site`;
CREATE TABLE `site` (
  `id` int(11) NOT NULL AUTO_INCREMENT,
  `company_id` int(11) NOT NULL DEFAULT '-1',
  `name` varchar(32) NOT NULL DEFAULT 'Unknown',
  `phone` varchar(24) NOT NULL DEFAULT '',
  `location` varchar(32) NOT NULL DEFAULT '',
  PRIMARY KEY (`id`)
) ENGINE=InnoDB AUTO_INCREMENT=3 DEFAULT CHARSET=utf8;

#
# Data for table "site"
#

INSERT INTO `site` VALUES (1,1,'汇通陆家嘴站','(021)65128965','121.532297,31.243382'),(2,1,'汇通崂山路站','(021)68910838','121.517529,31.238553'),(3,1,'汇通黄浦四部站','(021)63503120','121.481036,31.231449'),(4,11,'德邦兰花路站','(021)58385170','121.559913,31.206097'),(5,11,'德邦崂山路站','(021)50156980','121.526196,31.220299'),(6,11,'德邦河南南路站','(021)63370052','121.487224,31.230088'),(7,6,'EMS潍坊揽投部','11183','121.522941,31.219273'),(8,6,'EMS陆家嘴商务广场揽投站','11183','121.534336,31.223127'),(9,6,'EMS华都大厦揽投站','11183','121.523178,31.229072'),(10,12,'全峰普育西路站','(021)63339079','121.49377,31.211731'),(11,12,'全峰虹口站','(021)35010347','121.498338,31.273903'),(12,2,'申通崂山站','(021)31059999','121.517663,31.237787'),(13,2,'申通学院路营业厅','(021)55629999','121.496898,31.223134'),(14,7,'顺丰陆家嘴分部','4008111111','121.521804,31.240952'),(15,7,'顺丰八佰伴分部','(021)50273317','121.517899,31.228177'),(16,8,'天天陕西北路站','(021)52830939','121.443763,31.240658'),(17,8,'天天岚皋路站','(021)62046566','121.422251,31.262818'),(18,4,'圆通潍坊营业部','(021)58882516','121.519422,31.220232'),(19,4,'圆通浦东塘桥分公司','(021)50941905','121.509471,31.202394'),(20,4,'圆通速递梅园公司','(021)61556595','121.527491,31.233223'),(21,3,'韵达东方路站','(021)22063781','121.531192,31.216216'),(22,3,'韵达陆家嘴服务站','(021)51698536','121.514079,31.209143'),(23,3,'韵达快运陆家嘴十一服务站','(021)50895339','121.531943,31.209703'),(24,9,'宅急送潍坊分公司','4006789000','121.526503,31.214832'),(25,10,'邮政东方路分站','021-60453913','121.526053,31.226127'),(26,10,'邮政浦电路邮局营业部','(021)58882604','121.526675,31.220214'),(27,5,'中通峨山路站','(021)50719110','121.522641,31.214267'),(28,5,'中通城隍庙分站','(021)60517041','121.494478,31.222465'),(29,5,'中通卢湾分部','(021)31265666','121.501291,31.205372');

#
# Structure for table "street"
#

DROP TABLE IF EXISTS `street`;
CREATE TABLE `street` (
  `id` int(11) NOT NULL AUTO_INCREMENT,
  `name` varchar(64) NOT NULL DEFAULT '',
  `address` varchar(255) DEFAULT NULL,
  PRIMARY KEY (`id`)
) ENGINE=InnoDB DEFAULT CHARSET=utf8;

#
# Data for table "street"
#

